,antecedents,consequents,support,confidence,lift
216,frozenset({'Gnar'}),"frozenset({'top', 'win'})",0.010286563936198973,0.5297598329272538,6.357633618291547
240,frozenset({'Leona'}),"frozenset({'Red', 'sup'})",0.012550689375506893,0.5265097816841509,6.31811738020981
124,frozenset({'Alistar'}),"frozenset({'win', 'sup'})",0.010110840767775074,0.5249122807017544,6.29945827339051
213,frozenset({'Gnar'}),"frozenset({'top', 'no_fb'})",0.01728169775615031,0.8900104420466413,6.287225829802867
493,"frozenset({'lose', ""Kai'Sa""})","frozenset({'bot', 'no_fb'})",0.012138415788050824,0.8475696083058046,6.234161823669062
121,frozenset({'Alistar'}),"frozenset({'no_fb', 'sup'})",0.015639361989726954,0.8119298245614036,6.225482553873932
231,"frozenset({""Kai'Sa""})","frozenset({'win', 'bot'})",0.015463638821303055,0.5187032418952618,6.224943764362313
255,frozenset({'Orianna'}),"frozenset({'no_fb', 'mid'})",0.015470397404703974,0.8631221719457014,6.184385305621597
495,"frozenset({'no_fb', ""Kai'Sa""})","frozenset({'lose', 'bot'})",0.012138415788050824,0.5102272727272726,6.1222307414424835
127,frozenset({'Aphelios'}),"frozenset({'bot', 'no_fb'})",0.013652338469856718,0.8302507192766132,6.106775523173975
340,frozenset({'Thresh'}),"frozenset({'win', 'sup'})",0.010604217356042174,0.5053140096618358,6.064259945621318
407,"frozenset({'no_fb', ""Kai'Sa""})","frozenset({'Blue', 'bot'})",0.01201000270343336,0.5048295454545455,6.057954545454546
349,frozenset({'Varus'}),"frozenset({'bot', 'no_fb'})",0.010773181941065153,0.8233471074380164,6.0559971175446865
130,"frozenset({""Kai'Sa""})","frozenset({'Blue', 'bot'})",0.015037848067045147,0.5044207662661527,6.053049195193833
258,frozenset({'Thresh'}),"frozenset({'Red', 'sup'})",0.010577183022438498,0.5040257648953301,6.048309178743962
503,"frozenset({""Kai'Sa""})","frozenset({'win', 'bot', 'no_fb'})",0.011618004866180049,0.38970754930854684,6.047312951829323
243,frozenset({'Leona'}),"frozenset({'lose', 'sup'})",0.01192889970262233,0.5004252906152538,6.004616494966585
134,"frozenset({'Leona', 'Blue'})",frozenset({'sup'}),0.011273317112733171,1.0,6.0
90,frozenset({'Xayah'}),frozenset({'bot'}),0.011016490943498243,1.0,6.0
247,"frozenset({'win', 'Leona'})",frozenset({'sup'}),0.011895106785617735,1.0,6.0
244,"frozenset({'Leona', 'no_fb'})",frozenset({'sup'}),0.018045417680454177,0.999625608386372,5.9977536503182325
45,frozenset({'Leona'}),frozenset({'sup'}),0.023824006488240065,0.9994329458463284,5.996597675077971
484,"frozenset({'Red', 'no_fb', ""Kai'Sa""})",frozenset({'bot'}),0.011746417950797512,0.9994249568717652,5.9965497412305915
498,"frozenset({'win', 'no_fb', ""Kai'Sa""})",frozenset({'bot'}),0.011618004866180049,0.9994186046511628,5.996511627906977
338,"frozenset({'win', 'Thresh'})",frozenset({'sup'}),0.010604217356042174,0.9993630573248408,5.996178343949045
214,"frozenset({'Gnar', 'win'})",frozenset({'top'}),0.010286563936198973,0.9993434011818779,5.996060407091268
120,"frozenset({'Alistar', 'no_fb'})",frozenset({'sup'}),0.015639361989726954,0.9991364421416236,5.994818652849742
84,frozenset({'Udyr'}),frozenset({'jng'}),0.015436604487699379,0.9991251093613299,5.99475065616798
251,"frozenset({'Nautilus', 'no_fb'})",frozenset({'sup'}),0.01387537172208705,0.9990267639902677,5.994160583941606
1,frozenset({'Alistar'}),frozenset({'sup'}),0.01924168694241687,0.9989473684210528,5.993684210526317
238,"frozenset({'Red', 'Leona'})",frozenset({'sup'}),0.012550689375506893,0.9989241527703066,5.99354491662184
241,"frozenset({'lose', 'Leona'})",frozenset({'sup'}),0.01192889970262233,0.9988681380871534,5.993208828522921
70,frozenset({'Rell'}),frozenset({'sup'}),0.01665314949986483,0.9987839481151196,5.992703688690718
345,"frozenset({'Udyr', 'no_fb'})",frozenset({'jng'}),0.01103000811030008,0.9987760097919216,5.99265605875153
24,frozenset({'Braum'}),frozenset({'sup'}),0.01095566369288997,0.9987677141096734,5.992606284658041
3,frozenset({'Aphelios'}),frozenset({'bot'}),0.016423357664233577,0.998766954377312,5.992601726263873
122,"frozenset({'win', 'Alistar'})",frozenset({'sup'}),0.010110840767775074,0.9986648865153538,5.991989319092123
217,"frozenset({'Red', ""Kai'Sa""})",frozenset({'bot'}),0.014706677480400108,0.9986232216613126,5.991739329967876
227,"frozenset({'no_fb', ""Kai'Sa""})",frozenset({'bot'}),0.023756420654230875,0.9985795454545455,5.991477272727273
126,"frozenset({'no_fb', 'Aphelios'})",frozenset({'bot'}),0.013652338469856718,0.9985170538803757,5.991102323282255
324,"frozenset({'Rell', 'no_fb'})",frozenset({'sup'}),0.012976480129764802,0.9984399375975039,5.990639625585024
212,"frozenset({'Gnar', 'no_fb'})",frozenset({'top'}),0.01728169775615031,0.9984381101132369,5.9906286606794215
54,frozenset({'Rakan'}),frozenset({'sup'}),0.011881589618815896,0.9982964224872232,5.98977853492334
229,"frozenset({'win', ""Kai'Sa""})",frozenset({'bot'}),0.015463638821303055,0.9982547993019197,5.989528795811519
49,frozenset({'Nautilus'}),frozenset({'sup'}),0.017822384428223845,0.998107494322483,5.988644965934898
249,frozenset({'Leona'}),"frozenset({'win', 'sup'})",0.011895106785617735,0.4990076552310746,5.988577554383146
137,"frozenset({'Thresh', 'Blue'})",frozenset({'sup'}),0.010360908353609083,0.998046875,5.98828125
91,frozenset({'Xin Zhao'}),frozenset({'jng'}),0.013003514463368478,0.9979253112033195,5.987551867219917
30,frozenset({'Gnar'}),frozenset({'top'}),0.01937685861043525,0.9979115906717716,5.98746954403063
491,"frozenset({'lose', 'no_fb', ""Kai'Sa""})",frozenset({'bot'}),0.012138415788050824,0.9977777777777777,5.986666666666666
404,"frozenset({'Blue', ""Kai'Sa"", 'no_fb'})",frozenset({'bot'}),0.01201000270343336,0.9977540707467715,5.9865244244806295
80,frozenset({'Thresh'}),frozenset({'sup'}),0.02093809137604758,0.9977455716586152,5.986473429951691
35,"frozenset({""Kai'Sa""})",frozenset({'bot'}),0.029744525547445257,0.997732940376332,5.986397642257992
348,"frozenset({'no_fb', 'Varus'})",frozenset({'bot'}),0.010773181941065153,0.9974968710888611,5.984981226533167
335,"frozenset({'Thresh', 'no_fb'})",frozenset({'sup'}),0.01607191132738578,0.99748322147651,5.98489932885906
256,"frozenset({'Red', 'Thresh'})",frozenset({'sup'}),0.010577183022438498,0.9974506054811982,5.984703632887189
86,frozenset({'Varus'}),frozenset({'bot'}),0.013050824547174912,0.9974173553719008,5.984504132231405
5,frozenset({'Azir'}),frozenset({'mid'}),0.01015139226818059,0.99734395750332,5.98406374501992
223,"frozenset({'lose', ""Kai'Sa""})",frozenset({'bot'}),0.0142808867261422,0.997168475696083,5.983010854176499
210,frozenset({'Ezreal'}),"frozenset({'bot', 'no_fb'})",0.013179237631792377,0.8131776480400335,5.98119729588404
129,"frozenset({'Blue', ""Kai'Sa""})",frozenset({'bot'}),0.015037848067045147,0.9968637992831542,5.981182795698925
332,"frozenset({'lose', 'Thresh'})",frozenset({'sup'}),0.010333874020005407,0.9960912052117263,5.9765472312703585
52,frozenset({'Orianna'}),frozenset({'mid'}),0.017842660178426603,0.9954751131221721,5.972850678733033
253,"frozenset({'Orianna', 'no_fb'})",frozenset({'mid'}),0.015470397404703974,0.9952173913043478,5.971304347826087
33,frozenset({'Hecarim'}),frozenset({'jng'}),0.012537172208705056,0.9946380697050938,5.967828418230563
325,frozenset({'Rell'}),"frozenset({'no_fb', 'sup'})",0.012976480129764802,0.7782732063234697,5.967419993139896
252,frozenset({'Nautilus'}),"frozenset({'no_fb', 'sup'})",0.01387537172208705,0.7770628311884936,5.958139425954786
89,frozenset({'Viktor'}),frozenset({'mid'}),0.010536631522032982,0.9929936305732484,5.957961783439491
408,"frozenset({""Kai'Sa""})","frozenset({'Blue', 'bot', 'no_fb'})",0.01201000270343336,0.40285649512582183,5.955304927446958
346,frozenset({'Udyr'}),"frozenset({'jng', 'no_fb'})",0.01103000811030008,0.7139107611548556,5.953682573580907
206,"frozenset({'no_fb', 'Camille'})",frozenset({'top'}),0.010752906190862395,0.9912772585669782,5.947663551401869
26,frozenset({'Camille'}),frozenset({'top'}),0.013030548796972154,0.9912596401028277,5.947557840616967
488,"frozenset({'no_fb', ""Kai'Sa""})","frozenset({'Red', 'bot'})",0.011746417950797512,0.49374999999999997,5.925
139,frozenset({'Thresh'}),"frozenset({'Blue', 'sup'})",0.010360908353609083,0.49371980676328503,5.924637681159421
219,"frozenset({""Kai'Sa""})","frozenset({'Red', 'bot'})",0.014706677480400108,0.4933121741101791,5.91974608932215
334,frozenset({'Thresh'}),"frozenset({'lose', 'sup'})",0.010333874020005407,0.4924315619967794,5.908699530698523
50,frozenset({'Olaf'}),frozenset({'jng'}),0.012543930792105975,0.9825304393859184,5.895182636315511
209,"frozenset({'Ezreal', 'no_fb'})",frozenset({'bot'}),0.013179237631792377,0.9818731117824774,5.8912386706948645
337,frozenset({'Thresh'}),"frozenset({'no_fb', 'sup'})",0.01607191132738578,0.7658615136876007,5.872253177448172
27,frozenset({'Ezreal'}),frozenset({'bot'}),0.015848878075155448,0.9778982485404505,5.867389491242704
486,"frozenset({'Red', ""Kai'Sa""})","frozenset({'bot', 'no_fb'})",0.011746417950797512,0.7976135842129417,5.866718329695111
47,frozenset({'Lillia'}),frozenset({'jng'}),0.011895106785617735,0.9777777777777777,5.866666666666667
74,frozenset({'Ryze'}),frozenset({'mid'}),0.010009462016761287,0.9769129287598945,5.861477572559368
228,"frozenset({""Kai'Sa""})","frozenset({'bot', 'no_fb'})",0.023756420654230875,0.7968714577193381,5.861259737728836
502,"frozenset({'no_fb', ""Kai'Sa""})","frozenset({'win', 'bot'})",0.011618004866180049,0.4883522727272727,5.86070259329445
406,"frozenset({'Blue', ""Kai'Sa""})","frozenset({'bot', 'no_fb'})",0.01201000270343336,0.796146953405018,5.855930762865702
246,frozenset({'Leona'}),"frozenset({'no_fb', 'sup'})",0.018045417680454177,0.757017295151687,5.804440016098026
207,frozenset({'Camille'}),"frozenset({'top', 'no_fb'})",0.010752906190862395,0.8179948586118252,5.778492207219177
331,frozenset({'Syndra'}),"frozenset({'no_fb', 'mid'})",0.010996215193295486,0.8050470064324593,5.768269010738338
489,"frozenset({""Kai'Sa""})","frozenset({'Red', 'bot', 'no_fb'})",0.011746417950797512,0.3940149625935162,5.768126433693149
225,"frozenset({""Kai'Sa""})","frozenset({'lose', 'bot'})",0.0142808867261422,0.47902969848107,5.747890210628426
329,"frozenset({'no_fb', 'Syndra'})",frozenset({'mid'}),0.010996215193295486,0.9542521994134897,5.7255131964809385
76,frozenset({'Syndra'}),frozenset({'mid'}),0.013030548796972154,0.9539831766452251,5.723899059871351
496,"frozenset({""Kai'Sa""})","frozenset({'lose', 'bot', 'no_fb'})",0.012138415788050824,0.4071639084107912,5.69359908217188
136,frozenset({'Leona'}),"frozenset({'Blue', 'sup'})",0.011273317112733171,0.4729231641621775,5.6750779699461305
500,"frozenset({'win', ""Kai'Sa""})","frozenset({'bot', 'no_fb'})",0.011618004866180049,0.75,5.516504275203817
342,"frozenset({'Tristana', 'no_fb'})",frozenset({'bot'}),0.01087456069207894,0.856306546035125,5.137839276210751
327,"frozenset({'no_fb', 'Renekton'})",frozenset({'top'}),0.013733441470667749,0.8537815126050421,5.1226890756302526
72,frozenset({'Renekton'}),frozenset({'top'}),0.017018113003514464,0.8535593220338984,5.12135593220339
343,frozenset({'Tristana'}),"frozenset({'bot', 'no_fb'})",0.01087456069207894,0.6953327571305098,5.114408169866287
82,frozenset({'Tristana'}),frozenset({'bot'}),0.013260340632603406,0.8478824546240276,5.087294727744165
328,frozenset({'Renekton'}),"frozenset({'top', 'no_fb'})",0.013733441470667749,0.6888135593220339,4.865927631286136
39,frozenset({'Lee Sin'}),frozenset({'jng'}),0.012827791294944579,0.6535812672176309,3.9214876033057853
434,"frozenset({'win', 'team'})","frozenset({'Blue', 'fb'})",0.02695323060286564,0.32346500121664373,2.557027385799787
431,"frozenset({'win', 'Blue', 'team'})",frozenset({'fb'}),0.02695323060286564,0.6140107775211702,2.463903087492741
369,"frozenset({'win', 'team'})",frozenset({'fb'}),0.05097999459313328,0.6118095547084111,2.4550700182972585
524,"frozenset({'Red', 'win', 'team'})",frozenset({'fb'}),0.02402676399026764,0.6093589304079533,2.4452361505522013
435,"frozenset({'Blue', 'team'})","frozenset({'win', 'fb'})",0.02695323060286564,0.3234387672343877,2.1093088857545843
154,"frozenset({'Blue', 'team'})",frozenset({'fb'}),0.042342525006758586,0.508110300081103,2.0389455413321764
423,"frozenset({'lose', 'Blue', 'fb'})",frozenset({'team'}),0.015389294403892945,0.3372334123222749,2.0234004739336493
363,"frozenset({'lose', 'fb'})",frozenset({'team'}),0.0322992700729927,0.3369289340101523,2.021573604060914
517,"frozenset({'lose', 'Red', 'fb'})",frozenset({'team'}),0.016909975669099755,0.3366523143164693,2.019913885898816
153,"frozenset({'Blue', 'fb'})",frozenset({'team'}),0.042342525006758586,0.33472244483624514,2.008334669017471
96,frozenset({'fb'}),frozenset({'team'}),0.08327926466612598,0.33418311998264266,2.005098719895856
97,frozenset({'team'}),frozenset({'fb'}),0.08327926466612598,0.4996755879967559,2.005098719895856
272,"frozenset({'Red', 'fb'})",frozenset({'team'}),0.040936739659367394,0.3336270999724594,2.0017625998347564
430,"frozenset({'win', 'Blue', 'fb'})",frozenset({'team'}),0.02695323060286564,0.33330547430004176,1.9998328458002506
371,frozenset({'team'}),"frozenset({'win', 'fb'})",0.05097999459313328,0.3058799675587997,1.9947990126939354
368,"frozenset({'win', 'fb'})",frozenset({'team'}),0.05097999459313328,0.33246650211565587,1.9947990126939352
523,"frozenset({'Red', 'win', 'fb'})",frozenset({'team'}),0.02402676399026764,0.3315303553110137,1.9891821318660823
273,"frozenset({'Red', 'team'})",frozenset({'fb'}),0.040936739659367394,0.4912408759124087,1.9712518984595355
424,"frozenset({'lose', 'Blue', 'team'})",frozenset({'fb'}),0.015389294403892945,0.3902313624678663,1.5659208177138615
364,"frozenset({'lose', 'team'})",frozenset({'fb'}),0.0322992700729927,0.3875598086124402,1.555200403620543
518,"frozenset({'lose', 'Red', 'team'})",frozenset({'fb'}),0.016909975669099755,0.3851600985221674,1.5455708444711405
419,"frozenset({'win', 'jng', 'Blue'})",frozenset({'fb'}),0.01526088131927548,0.3476520400307929,1.3950584682945357
359,"frozenset({'win', 'jng'})",frozenset({'fb'}),0.028886185455528523,0.3466623408224512,1.391087002280589
515,"frozenset({'Red', 'jng', 'win'})",frozenset({'fb'}),0.013625304136253041,0.3455605073705862,1.386665563857451
428,"frozenset({'Blue', 'sup', 'fb'})",frozenset({'win'}),0.011814003784806704,0.6421748714180748,1.2844539159031327
421,"frozenset({'jng', 'Blue', 'fb'})",frozenset({'win'}),0.01526088131927548,0.6405673758865248,1.281238664073461
159,"frozenset({'Blue', 'fb'})",frozenset({'win'}),0.08086645039199784,0.6392584281669071,1.2786205562978286
549,"frozenset({'Red', 'no_fb', 'team'})",frozenset({'lose'}),0.026993782103271153,0.6366969552048461,1.2732906427176633
433,"frozenset({'Blue', 'fb', 'team'})",frozenset({'win'}),0.02695323060286564,0.6365522745411014,1.2732078100562543
482,"frozenset({'top', 'Blue'})","frozenset({'win', 'no_fb'})",0.03596242227629089,0.43154906731549064,1.2450181336037125
422,"frozenset({'jng', 'fb'})","frozenset({'win', 'Blue'})",0.01526088131927548,0.3263949118242267,1.239245346510459
429,"frozenset({'sup', 'fb'})","frozenset({'win', 'Blue'})",0.011814003784806704,0.3259369755733731,1.2375066693825068
366,"frozenset({'fb', 'mid'})",frozenset({'win'}),0.016754528250878614,0.6182044887780548,1.236509262167802
367,"frozenset({'sup', 'fb'})",frozenset({'win'}),0.02240470397404704,0.6181241842252471,1.2363486400352495
360,"frozenset({'jng', 'fb'})",frozenset({'win'}),0.028886185455528523,0.6178086152067072,1.2357174508068292
160,frozenset({'fb'}),"frozenset({'win', 'Blue'})",0.08086645039199784,0.32450097635061836,1.2320545152896458
157,"frozenset({'win', 'Blue'})",frozenset({'fb'}),0.08086645039199784,0.3070310495252759,1.2320545152896458
556,"frozenset({'top', 'lose'})","frozenset({'Red', 'no_fb'})",0.03871992430386591,0.4646014110777715,1.2313913978158006
98,frozenset({'win'}),frozenset({'fb'}),0.15333874020005406,0.3067023548814448,1.2307355290805646
99,frozenset({'fb'}),frozenset({'win'}),0.15333874020005406,0.6153178563679756,1.2307355290805644
351,"frozenset({'bot', 'fb'})",frozenset({'win'}),0.018883482022168153,0.6148767605633803,1.2298532659171837
276,"frozenset({'Red', 'win'})",frozenset({'fb'}),0.07247228980805623,0.3063364186950063,1.229267099970523
372,"frozenset({'top', 'fb'})",frozenset({'win'}),0.015429845904298458,0.614535666218035,1.2291710218944556
552,"frozenset({'no_fb', 'team'})","frozenset({'lose', 'Red'})",0.026993782103271153,0.3237153509482898,1.2288824745050533
436,"frozenset({'fb', 'team'})","frozenset({'win', 'Blue'})",0.02695323060286564,0.3236487583184548,1.2288188422067892
370,"frozenset({'fb', 'team'})",frozenset({'win'}),0.05097999459313328,0.6121571173510794,1.2244135383143495
386,"frozenset({'no_fb', 'team'})",frozenset({'lose'}),0.05104082184374155,0.6120927216728804,1.224086166284424
540,"frozenset({'lose', 'mid'})","frozenset({'Red', 'no_fb'})",0.03839551230062179,0.46070878274268107,1.2210742766611213
469,"frozenset({'Blue', 'mid'})","frozenset({'win', 'no_fb'})",0.03491484184914842,0.41897810218978104,1.2087509261786844
507,"frozenset({'lose', 'bot'})","frozenset({'Red', 'no_fb'})",0.037841308461746416,0.45405887600356826,1.203449194688544
514,"frozenset({'Red', 'jng', 'fb'})",frozenset({'win'}),0.013625304136253041,0.5941644562334217,1.1884252973246963
211,"frozenset({'Gnar', 'top'})",frozenset({'no_fb'}),0.01728169775615031,0.8918730380188351,1.1879008957337143
29,frozenset({'Gnar'}),frozenset({'no_fb'}),0.01730873208975399,0.8914027149321269,1.1872744644008129
521,"frozenset({'Red', 'sup', 'fb'})",frozenset({'win'}),0.010590700189240335,0.5933358576296858,1.1867679657026564
277,"frozenset({'Red', 'fb'})",frozenset({'win'}),0.07247228980805623,0.5906361883778574,1.1813681892609265
460,"frozenset({'top', 'lose', 'Blue'})",frozenset({'no_fb'}),0.034941876182752095,0.8860325621251071,1.1801218663764839
388,"frozenset({'top', 'lose'})",frozenset({'no_fb'}),0.07366180048661801,0.8838699213364691,1.1772414082614142
418,"frozenset({'Blue', 'bot'})","frozenset({'win', 'no_fb'})",0.03397539875642065,0.4077047850770478,1.1762274304878524
401,frozenset({'top'}),"frozenset({'win', 'no_fb'})",0.06789672884563396,0.40738037307380376,1.1752915025543036
553,"frozenset({'top', 'lose', 'Red'})",frozenset({'no_fb'}),0.03871992430386591,0.8819273399014778,1.1746540509490013
525,"frozenset({'Red', 'fb', 'team'})",frozenset({'win'}),0.02402676399026764,0.586924219910847,1.1739436501745062
459,"frozenset({'Blue', 'team', 'no_fb'})",frozenset({'lose'}),0.024047039740470396,0.5866446826051113,1.1731942156388002
447,"frozenset({'lose', 'Blue', 'mid'})",frozenset({'no_fb'}),0.03459718842930522,0.8772922022279348,1.1684804321046849
379,"frozenset({'lose', 'mid'})",frozenset({'no_fb'}),0.072992700729927,0.875841375395345,1.1665480511260915
545,"frozenset({'lose', 'sup'})","frozenset({'Red', 'no_fb'})",0.03664503919978373,0.43970480901792236,1.1654048104306636
537,"frozenset({'lose', 'Red', 'mid'})",frozenset({'no_fb'}),0.03839551230062179,0.8745381773399015,1.164812299431188
481,"frozenset({'top', 'win'})","frozenset({'Blue', 'no_fb'})",0.03596242227629089,0.4315840700786763,1.1555141597242449
53,frozenset({'Orianna'}),frozenset({'no_fb'}),0.015544741822114084,0.8672699849170438,1.1551316701023135
254,"frozenset({'Orianna', 'mid'})",frozenset({'no_fb'}),0.015470397404703974,0.8670454545454545,1.154832614274678
393,frozenset({'mid'}),"frozenset({'win', 'no_fb'})",0.0665720464990538,0.39943227899432276,1.15236126818235
557,"frozenset({'top', 'Red'})","frozenset({'lose', 'no_fb'})",0.03871992430386591,0.4646390916463909,1.1495936590749474
504,"frozenset({'Red', 'lose', 'bot'})",frozenset({'no_fb'}),0.037841308461746416,0.8619150246305418,1.1479993072549237
529,"frozenset({'Red', 'jng', 'no_fb'})",frozenset({'lose'}),0.03459718842930522,0.5727872887993734,1.1454816755974817
352,"frozenset({'lose', 'bot'})",frozenset({'no_fb'}),0.07151257096512571,0.8580812586164951,1.142893048978257
541,"frozenset({'Red', 'mid'})","frozenset({'lose', 'no_fb'})",0.03839551230062179,0.4607461476074615,1.13996187418481
193,frozenset({'top'}),"frozenset({'Blue', 'no_fb'})",0.07090429845904299,0.42542579075425796,1.139026111503176
409,"frozenset({'lose', 'Blue', 'bot'})",frozenset({'no_fb'}),0.03367126250337929,0.8538131962296486,1.1372083439627936
191,"frozenset({'top', 'Blue'})",frozenset({'no_fb'}),0.07090429845904299,0.8508515815085159,1.1332637188535217
490,"frozenset({'lose', 'bot', ""Kai'Sa""})",frozenset({'no_fb'}),0.012138415788050824,0.8499763369616659,1.1320979657285042
232,"frozenset({'lose', ""Kai'Sa""})",frozenset({'no_fb'}),0.012165450121654502,0.8494572911750826,1.1314066398014657
113,frozenset({'top'}),frozenset({'no_fb'}),0.14155852933225196,0.8493511759935118,1.1312653031830622
290,"frozenset({'Red', 'no_fb'})",frozenset({'lose'}),0.2131927547985942,0.565051500223914,1.1300113531361382
291,frozenset({'lose'}),"frozenset({'Red', 'no_fb'})",0.2131927547985942,0.42635093125726486,1.1300113531361382
309,"frozenset({'top', 'Red'})",frozenset({'no_fb'}),0.07065423087320898,0.8478507704785078,1.1292668875126026
501,"frozenset({'bot', ""Kai'Sa""})","frozenset({'win', 'no_fb'})",0.011618004866180049,0.39059304703476483,1.126860102937718
237,"frozenset({""Kai'Sa""})","frozenset({'win', 'no_fb'})",0.011624763449580968,0.38993425527091363,1.1249594901120068
330,"frozenset({'Syndra', 'mid'})",frozenset({'no_fb'}),0.010996215193295486,0.8438796680497925,1.123977708525199
77,frozenset({'Syndra'}),frozenset({'no_fb'}),0.011523384698567181,0.8436417615042059,1.1236608367435035
311,frozenset({'top'}),"frozenset({'Red', 'no_fb'})",0.07065423087320898,0.4239253852392539,1.1235826242722795
508,"frozenset({'Red', 'bot'})","frozenset({'lose', 'no_fb'})",0.037841308461746416,0.454095701540957,1.1235075749974919
463,"frozenset({'top', 'lose'})","frozenset({'Blue', 'no_fb'})",0.034941876182752095,0.4192685102586976,1.122540737525594
468,"frozenset({'win', 'mid'})","frozenset({'Blue', 'no_fb'})",0.03491484184914842,0.4190120853272772,1.1218541907790733
299,"frozenset({'Red', 'mid'})",frozenset({'no_fb'}),0.07005271695052717,0.8406326034063261,1.1196528878006626
544,"frozenset({'Red', 'no_fb', 'sup'})",frozenset({'lose'}),0.03664503919978373,0.5596036742697905,1.1191165848262943
183,frozenset({'mid'}),"frozenset({'Blue', 'no_fb'})",0.06951203027845364,0.41707218167072185,1.1166603333152383
357,frozenset({'bot'}),"frozenset({'win', 'no_fb'})",0.06444309272776426,0.3866585563665856,1.1155091057988535
109,frozenset({'mid'}),frozenset({'no_fb'}),0.1395647472289808,0.8373884833738848,1.1153319890537232
301,frozenset({'mid'}),"frozenset({'Red', 'no_fb'})",0.07005271695052717,0.42031630170316303,1.1140170174652935
542,"frozenset({'lose', 'Red', 'sup'})",frozenset({'no_fb'}),0.03664503919978373,0.8346674876847291,1.1117078485329874
450,"frozenset({'lose', 'mid'})","frozenset({'Blue', 'no_fb'})",0.03459718842930522,0.41513259265266406,1.1114673182579335
181,"frozenset({'Blue', 'mid'})",frozenset({'no_fb'}),0.06951203027845364,0.8341443633414437,1.1110110903067838
474,"frozenset({'Blue', 'sup'})","frozenset({'win', 'no_fb'})",0.03208299540416329,0.38499594484995947,1.1107124751394144
382,"frozenset({'lose', 'sup'})",frozenset({'no_fb'}),0.0694985131116518,0.8339145243694753,1.1107049638638518
452,"frozenset({'lose', 'Blue', 'sup'})",frozenset({'no_fb'}),0.032853473911868075,0.833076263924593,1.109588470494408
506,"frozenset({'Red', 'bot', 'no_fb'})",frozenset({'lose'}),0.037841308461746416,0.5539724943108736,1.1078551382455717
208,"frozenset({'Ezreal', 'bot'})",frozenset({'no_fb'}),0.013179237631792377,0.8315565031982942,1.1075642752882364
4,frozenset({'Aphelios'}),frozenset({'no_fb'}),0.013672614220059475,0.8314837648993012,1.1074673939084383
125,"frozenset({'bot', 'Aphelios'})",frozenset({'no_fb'}),0.013652338469856718,0.831275720164609,1.107190295581481
574,"frozenset({'top', 'Red'})","frozenset({'win', 'no_fb'})",0.03193430656934307,0.3832116788321168,1.1055648715048942
28,frozenset({'Ezreal'}),frozenset({'no_fb'}),0.013422546634225466,0.8281901584653878,1.103080583380192
530,"frozenset({'lose', 'jng'})","frozenset({'Red', 'no_fb'})",0.03459718842930522,0.41513259265266406,1.1002779831417497
347,"frozenset({'bot', 'Varus'})",frozenset({'no_fb'}),0.010773181941065153,0.8254790264111859,1.0994695804029153
87,frozenset({'Varus'}),frozenset({'no_fb'}),0.010800216274668829,0.8254132231404958,1.0993819359054782
205,"frozenset({'top', 'Camille'})",frozenset({'no_fb'}),0.010752906190862395,0.825207468879668,1.0991078882996874
25,frozenset({'Camille'}),frozenset({'no_fb'}),0.010847526358475263,0.8251928020565552,1.0990883533080793
32,frozenset({'Gragas'}),frozenset({'no_fb'}),0.010482562854825628,0.8232484076433121,1.096498581259042
539,"frozenset({'Red', 'no_fb', 'mid'})",frozenset({'lose'}),0.03839551230062179,0.5480945489628558,1.0961002009102283
561,"frozenset({'Red', 'mid'})","frozenset({'win', 'no_fb'})",0.03165720464990538,0.3798864557988646,1.095971610186016
555,"frozenset({'top', 'Red', 'no_fb'})",frozenset({'lose'}),0.03871992430386591,0.5480198966902621,1.0959509084731054
390,frozenset({'top'}),"frozenset({'lose', 'no_fb'})",0.07366180048661801,0.4419708029197081,1.093508578308418
341,"frozenset({'Tristana', 'bot'})",frozenset({'no_fb'}),0.01087456069207894,0.8200815494393475,1.0922805888578953
374,"frozenset({'jng', 'no_fb'})",frozenset({'lose'}),0.06547039740470398,0.5459925600270545,1.0918965639661962
262,"frozenset({'Red', 'bot'})",frozenset({'no_fb'}),0.06830900243309003,0.8197080291970804,1.0917830908829038
417,"frozenset({'win', 'bot'})","frozenset({'Blue', 'no_fb'})",0.03397539875642065,0.40773785384053857,1.0916687992734033
478,"frozenset({'top', 'win', 'Blue'})",frozenset({'no_fb'}),0.03596242227629089,0.8192455735180908,1.0911671382843935
546,"frozenset({'Red', 'sup'})","frozenset({'lose', 'no_fb'})",0.03664503919978373,0.43974047039740477,1.0879903682151102
145,frozenset({'bot'}),"frozenset({'Blue', 'no_fb'})",0.06764666125979994,0.4058799675587997,1.0866945334129527
93,frozenset({'bot'}),frozenset({'no_fb'}),0.13595566369288997,0.8157339821573398,1.086489989917903
264,frozenset({'bot'}),"frozenset({'Red', 'no_fb'})",0.06830900243309003,0.4098540145985402,1.0862875055978507
399,"frozenset({'top', 'win'})",frozenset({'no_fb'}),0.06789672884563396,0.8148268310487469,1.0852817398996524
9,frozenset({'Renekton'}),frozenset({'Blue'}),0.010813733441470668,0.5423728813559322,1.0847457627118644
381,frozenset({'mid'}),"frozenset({'lose', 'no_fb'})",0.072992700729927,0.437956204379562,1.0835758001404636
119,"frozenset({'Alistar', 'sup'})",frozenset({'no_fb'}),0.015639361989726954,0.8127853881278538,1.0825627072896915
0,frozenset({'Alistar'}),frozenset({'no_fb'}),0.01565287915652879,0.8126315789473685,1.0823578462214878
412,"frozenset({'lose', 'bot'})","frozenset({'Blue', 'no_fb'})",0.03367126250337929,0.4040223826129268,1.0817210743428451
83,frozenset({'Tristana'}),frozenset({'no_fb'}),0.012699378210327116,0.8120138288677614,1.0815350543647737
143,"frozenset({'Blue', 'bot'})",frozenset({'no_fb'}),0.06764666125979994,0.8117599351175994,1.0811968889529022
405,"frozenset({'bot', ""Kai'Sa""})","frozenset({'Blue', 'no_fb'})",0.01201000270343336,0.40377187002953874,1.0810503571932497
133,"frozenset({""Kai'Sa""})","frozenset({'Blue', 'no_fb'})",0.012037037037037037,0.40376331897528905,1.0810274627795047
571,"frozenset({'top', 'Red', 'win'})",frozenset({'no_fb'}),0.03193430656934307,0.8099074391498114,1.078729518009201
288,"frozenset({'lose', 'Red'})",frozenset({'no_fb'}),0.2131927547985942,0.80931855500821,1.0779451731871557
41,frozenset({'Lee Sin'}),frozenset({'win'}),0.010570424439037577,0.5385674931129477,1.0772223521911988
105,frozenset({'no_fb'}),frozenset({'lose'}),0.404176804541768,0.5383299726343079,1.07657263199757
104,frozenset({'lose'}),frozenset({'no_fb'}),0.404176804541768,0.8082880544967966,1.0765726319975697
170,"frozenset({'lose', 'Blue'})",frozenset({'no_fb'}),0.19098404974317382,0.8071408169094544,1.075044606707501
326,"frozenset({'top', 'Renekton'})",frozenset({'no_fb'}),0.013733441470667749,0.806989674344718,1.074843297350249
71,frozenset({'Renekton'}),frozenset({'no_fb'}),0.016085428494187617,0.8067796610169491,1.0745635770206303
558,"frozenset({'Red', 'win', 'mid'})",frozenset({'no_fb'}),0.03165720464990538,0.8028796708947549,1.0693691137259465
7,frozenset({'Lee Sin'}),frozenset({'Blue'}),0.01046904568802379,0.5334022038567494,1.0668044077134988
383,"frozenset({'no_fb', 'sup'})",frozenset({'lose'}),0.0694985131116518,0.5328807586671502,1.0656750878867833
391,"frozenset({'win', 'mid'})",frozenset({'no_fb'}),0.0665720464990538,0.7989293535566551,1.0641076187548852
483,"frozenset({'Red', 'bot', ""Kai'Sa""})",frozenset({'no_fb'}),0.011746417950797512,0.7987132352941176,1.0638197671586278
226,"frozenset({'bot', ""Kai'Sa""})",frozenset({'no_fb'}),0.023756420654230875,0.7986821177005227,1.0637783211055138
402,"frozenset({'Blue', 'bot', ""Kai'Sa""})",frozenset({'no_fb'}),0.01201000270343336,0.7986516853932585,1.0637377877969405
75,frozenset({'Sett'}),frozenset({'no_fb'}),0.012712895377128953,0.7983870967741935,1.0633853777069502
220,"frozenset({'Red', ""Kai'Sa""})",frozenset({'no_fb'}),0.011753176534198433,0.7980725103258376,1.0629663746562268
37,"frozenset({""Kai'Sa""})",frozenset({'no_fb'}),0.02379021357123547,0.7980049875311721,1.0628764398955082
131,"frozenset({'Blue', ""Kai'Sa""})",frozenset({'no_fb'}),0.012037037037037037,0.7979390681003584,1.0627886406824232
215,"frozenset({'Gnar', 'top'})",frozenset({'win'}),0.010286563936198973,0.5308685036623649,1.0618231243664464
354,frozenset({'bot'}),"frozenset({'lose', 'no_fb'})",0.07151257096512571,0.4290754257907543,1.0616032908598376
31,frozenset({'Gnar'}),frozenset({'win'}),0.010293322519599891,0.5301079011486252,1.0603017959546674
465,"frozenset({'win', 'Blue', 'mid'})",frozenset({'no_fb'}),0.03491484184914842,0.7953810623556582,1.0593815892458518
479,"frozenset({'top', 'win', 'no_fb'})",frozenset({'Blue'}),0.03596242227629089,0.5296635476806689,1.0593270953613378
505,"frozenset({'lose', 'bot', 'no_fb'})",frozenset({'Red'}),0.037841308461746416,0.5291560344012852,1.0583120688025704
548,"frozenset({'lose', 'no_fb', 'team'})",frozenset({'Red'}),0.026993782103271153,0.5288665254237288,1.0577330508474576
432,"frozenset({'win', 'fb', 'team'})",frozenset({'Blue'}),0.02695323060286564,0.5287021079146229,1.0574042158292458
528,"frozenset({'lose', 'jng', 'no_fb'})",frozenset({'Red'}),0.03459718842930522,0.5284401775575513,1.0568803551151027
420,"frozenset({'win', 'jng', 'fb'})",frozenset({'Blue'}),0.01526088131927548,0.528310715956949,1.056621431913898
455,"frozenset({'lose', 'sup'})","frozenset({'Blue', 'no_fb'})",0.032853473911868075,0.394209715351553,1.0554488443156504
292,frozenset({'Red'}),"frozenset({'lose', 'no_fb'})",0.2131927547985942,0.4263855095971884,1.0549479950503329
289,"frozenset({'lose', 'no_fb'})",frozenset({'Red'}),0.2131927547985942,0.5274739975251664,1.0549479950503329
512,"frozenset({'Red', 'bot'})","frozenset({'win', 'no_fb'})",0.030467693971343607,0.3656123276561233,1.0547907811098547
158,"frozenset({'win', 'fb'})",frozenset({'Blue'}),0.08086645039199784,0.5273712976022568,1.0547425952045135
427,"frozenset({'win', 'sup', 'fb'})",frozenset({'Blue'}),0.011814003784806704,0.5273001508295626,1.0546003016591252
396,frozenset({'sup'}),"frozenset({'win', 'no_fb'})",0.06092187077588537,0.36553122465531224,1.0545567991264673
543,"frozenset({'lose', 'no_fb', 'sup'})",frozenset({'Red'}),0.03664503919978373,0.5272780317028105,1.054556063405621
415,"frozenset({'win', 'bot', 'no_fb'})",frozenset({'Blue'}),0.03397539875642065,0.5272155217619298,1.0544310435238595
42,frozenset({'Leona'}),frozenset({'Red'}),0.012564206542308732,0.5270768358378225,1.054153671675645
239,"frozenset({'Leona', 'sup'})",frozenset({'Red'}),0.012550689375506893,0.5268085106382978,1.0536170212765956
184,"frozenset({'win', 'mid'})",frozenset({'Blue'}),0.04389699918896999,0.5268067158731446,1.0536134317462893
147,"frozenset({'Blue', 'bot'})",frozenset({'win'}),0.04389699918896999,0.52676399026764,1.0536134317462893
146,"frozenset({'win', 'bot'})",frozenset({'Blue'}),0.04389699918896999,0.5268067158731446,1.0536134317462893
167,"frozenset({'jng', 'Blue'})",frozenset({'win'}),0.04389699918896999,0.52676399026764,1.0536134317462893
204,"frozenset({'top', 'Blue'})",frozenset({'win'}),0.04389699918896999,0.52676399026764,1.0536134317462893
203,"frozenset({'top', 'win'})",frozenset({'Blue'}),0.04389699918896999,0.5268067158731446,1.0536134317462893
199,"frozenset({'win', 'sup'})",frozenset({'Blue'}),0.04389699918896999,0.5268067158731446,1.0536134317462893
200,"frozenset({'Blue', 'sup'})",frozenset({'win'}),0.04389699918896999,0.52676399026764,1.0536134317462893
202,"frozenset({'Blue', 'team'})",frozenset({'win'}),0.04389699918896999,0.52676399026764,1.0536134317462893
201,"frozenset({'win', 'team'})",frozenset({'Blue'}),0.04389699918896999,0.5268067158731446,1.0536134317462893
166,"frozenset({'win', 'jng'})",frozenset({'Blue'}),0.04389699918896999,0.5268067158731446,1.0536134317462893
185,"frozenset({'Blue', 'mid'})",frozenset({'win'}),0.04389699918896999,0.52676399026764,1.0536134317462893
23,frozenset({'Blue'}),frozenset({'win'}),0.26338199513381993,0.5267639902676399,1.053613431746289
22,frozenset({'win'}),frozenset({'Blue'}),0.26338199513381993,0.5268067158731445,1.053613431746289
59,frozenset({'lose'}),frozenset({'Red'}),0.2634225466342255,0.5268023680155706,1.0536047360311411
260,"frozenset({'lose', 'bot'})",frozenset({'Red'}),0.04390375777237091,0.5268023680155706,1.0536047360311411
60,frozenset({'Red'}),frozenset({'lose'}),0.2634225466342255,0.526845093268451,1.0536047360311411
297,"frozenset({'top', 'lose'})",frozenset({'Red'}),0.04390375777237091,0.5268023680155706,1.0536047360311411
286,"frozenset({'lose', 'mid'})",frozenset({'Red'}),0.04390375777237091,0.5268023680155706,1.0536047360311411
298,"frozenset({'top', 'Red'})",frozenset({'lose'}),0.04390375777237091,0.526845093268451,1.0536047360311411
296,"frozenset({'Red', 'team'})",frozenset({'lose'}),0.04390375777237091,0.526845093268451,1.0536047360311411
295,"frozenset({'lose', 'team'})",frozenset({'Red'}),0.04390375777237091,0.5268023680155706,1.0536047360311411
279,"frozenset({'lose', 'jng'})",frozenset({'Red'}),0.04390375777237091,0.5268023680155706,1.0536047360311411
294,"frozenset({'Red', 'sup'})",frozenset({'lose'}),0.04390375777237091,0.526845093268451,1.0536047360311411
293,"frozenset({'lose', 'sup'})",frozenset({'Red'}),0.04390375777237091,0.5268023680155706,1.0536047360311411
287,"frozenset({'Red', 'mid'})",frozenset({'lose'}),0.04390375777237091,0.526845093268451,1.0536047360311411
280,"frozenset({'Red', 'jng'})",frozenset({'lose'}),0.04390375777237091,0.526845093268451,1.0536047360311411
261,"frozenset({'Red', 'bot'})",frozenset({'lose'}),0.04390375777237091,0.526845093268451,1.0536047360311411
471,"frozenset({'win', 'no_fb', 'sup'})",frozenset({'Blue'}),0.03208299540416329,0.5266252496117152,1.0532504992234304
198,frozenset({'Blue'}),"frozenset({'win', 'no_fb'})",0.1825155447418221,0.3650310894836442,1.0531139102289124
195,"frozenset({'win', 'no_fb'})",frozenset({'Blue'}),0.1825155447418221,0.5265569551144562,1.0531139102289124
538,"frozenset({'lose', 'no_fb', 'mid'})",frozenset({'Red'}),0.03839551230062179,0.5260185185185186,1.052037037037037
443,"frozenset({'win', 'jng', 'no_fb'})",frozenset({'Blue'}),0.028636117869694513,0.5260086902545003,1.0520173805090005
353,"frozenset({'bot', 'no_fb'})",frozenset({'lose'}),0.07151257096512571,0.5259992046132432,1.0519130959178151
2,frozenset({'Alistar'}),frozenset({'win'}),0.010124357934576913,0.5256140350877193,1.051313334841687
554,"frozenset({'top', 'lose', 'no_fb'})",frozenset({'Red'}),0.03871992430386591,0.5256445545462886,1.0512891090925771
123,"frozenset({'Alistar', 'sup'})",frozenset({'win'}),0.010110840767775074,0.5254654021777309,1.0510160449106045
527,"frozenset({'lose', 'jng', 'Red'})",frozenset({'no_fb'}),0.03459718842930522,0.7880233990147784,1.0495817920767914
51,frozenset({'Olaf'}),frozenset({'no_fb'}),0.010056772100567721,0.787718369507676,1.0491755180789621
466,"frozenset({'win', 'no_fb', 'mid'})",frozenset({'Blue'}),0.03491484184914842,0.5244670050761422,1.0489340101522844
268,"frozenset({'lose', 'fb'})",frozenset({'Red'}),0.050229791835631254,0.523970671178793,1.047941342357586
476,"frozenset({'win', 'no_fb', 'team'})",frozenset({'Blue'}),0.016943768586104354,0.5238194734642708,1.0476389469285416
519,"frozenset({'lose', 'fb', 'team'})",frozenset({'Red'}),0.016909975669099755,0.5235404896421846,1.0470809792843692
487,"frozenset({'bot', ""Kai'Sa""})","frozenset({'Red', 'no_fb'})",0.011746417950797512,0.3949102476709838,1.0466801656139502
304,"frozenset({'Red', 'sup'})",frozenset({'no_fb'}),0.06548391457150582,0.7858069748580698,1.0466296989773873
373,"frozenset({'lose', 'jng'})",frozenset({'no_fb'}),0.06547039740470398,0.785581055875436,1.0463287936350416
380,"frozenset({'no_fb', 'mid'})",frozenset({'lose'}),0.072992700729927,0.5230024213075061,1.0459200153631578
222,"frozenset({""Kai'Sa""})","frozenset({'Red', 'no_fb'})",0.011753176534198433,0.39424166855588305,1.044908146520886
188,frozenset({'sup'}),"frozenset({'Blue', 'no_fb'})",0.06493646931603136,0.3896188158961882,1.0431572661636177
437,"frozenset({'lose', 'jng', 'Blue'})",frozenset({'no_fb'}),0.030873208975398757,0.7828620394173094,1.0427072892858373
111,frozenset({'sup'}),frozenset({'no_fb'}),0.13042038388753718,0.7825223033252231,1.0422547889961113
306,frozenset({'sup'}),"frozenset({'Red', 'no_fb'})",0.06548391457150582,0.3929034874290349,1.0413613972234663
389,"frozenset({'top', 'no_fb'})",frozenset({'lose'}),0.07366180048661801,0.5203628550966818,1.0406413110602688
230,"frozenset({'bot', ""Kai'Sa""})",frozenset({'win'}),0.015463638821303055,0.5198818450352193,1.0398480248656425
88,frozenset({'Viego'}),frozenset({'no_fb'}),0.01113138686131387,0.7805687203791469,1.0396527785836327
38,"frozenset({""Kai'Sa""})",frozenset({'win'}),0.015490673154906731,0.5196100657447291,1.0393044221968546
69,frozenset({'Rell'}),frozenset({'no_fb'}),0.01299675587996756,0.7794892582083502,1.038215024525669
186,"frozenset({'Blue', 'sup'})",frozenset({'no_fb'}),0.06493646931603136,0.7792376317923764,1.0378798790148351
323,"frozenset({'Rell', 'sup'})",frozenset({'no_fb'}),0.012976480129764802,0.7792207792207793,1.0378574327875782
439,"frozenset({'jng', 'Blue', 'no_fb'})",frozenset({'lose'}),0.030873208975398757,0.5187961385576377,1.037508132092397
464,"frozenset({'top', 'Blue'})","frozenset({'lose', 'no_fb'})",0.034941876182752095,0.41930251419302517,1.0374234975418883
250,"frozenset({'Nautilus', 'sup'})",frozenset({'no_fb'}),0.01387537172208705,0.7785362153962836,1.0369456505656247
48,frozenset({'Nautilus'}),frozenset({'no_fb'}),0.013888888888888888,0.7778198334595003,1.0359914892577746
384,frozenset({'sup'}),"frozenset({'lose', 'no_fb'})",0.0694985131116518,0.4169910786699108,1.0317046252633693
414,"frozenset({'win', 'Blue', 'bot'})",frozenset({'no_fb'}),0.03397539875642065,0.7739799846035411,1.0308771291403207
473,"frozenset({'win', 'sup'})","frozenset({'Blue', 'no_fb'})",0.03208299540416329,0.3850271717089789,1.0308636940821259
355,"frozenset({'win', 'bot'})",frozenset({'no_fb'}),0.06444309272776426,0.7733798361586504,1.0300777812007949
73,frozenset({'Renekton'}),frozenset({'win'}),0.010266288185996215,0.5149152542372881,1.0299140375936024
509,"frozenset({'Red', 'win', 'bot'})",frozenset({'no_fb'}),0.030467693971343607,0.7727116900925608,1.0291878660710003
531,"frozenset({'Red', 'jng'})","frozenset({'lose', 'no_fb'})",0.03459718842930522,0.4151662611516626,1.0271897260961171
451,"frozenset({'Blue', 'mid'})","frozenset({'lose', 'no_fb'})",0.03459718842930522,0.4151662611516626,1.0271897260961171
233,"frozenset({'no_fb', ""Kai'Sa""})",frozenset({'lose'}),0.012165450121654502,0.5113636363636364,1.0226443332030877
79,frozenset({'Thresh'}),frozenset({'no_fb'}),0.016112462827791295,0.7677938808373591,1.022637752130704
172,"frozenset({'Blue', 'no_fb'})",frozenset({'lose'}),0.19098404974317382,0.5113366990572354,1.022590462959324
173,frozenset({'lose'}),"frozenset({'Blue', 'no_fb'})",0.19098404974317382,0.3819371232395318,1.022590462959324
336,"frozenset({'Thresh', 'sup'})",frozenset({'no_fb'}),0.01607191132738578,0.7675919948353777,1.022368856724781
492,"frozenset({'bot', ""Kai'Sa"", 'no_fb'})",frozenset({'lose'}),0.012138415788050824,0.5109530583214793,1.0218232437115953
140,"frozenset({'bot', 'fb'})",frozenset({'Blue'}),0.015686672073533386,0.5107834507042254,1.0215669014084507
151,"frozenset({'fb', 'mid'})",frozenset({'Blue'}),0.013821303054879698,0.5099750623441397,1.0199501246882794
148,"frozenset({'jng', 'fb'})",frozenset({'Blue'}),0.023824006488240065,0.5095403295750217,1.0190806591500434
155,"frozenset({'fb', 'team'})",frozenset({'Blue'}),0.042342525006758586,0.5084401882811233,1.0168803765622465
308,"frozenset({'no_fb', 'team'})",frozenset({'Red'}),0.042396593673965935,0.5084292429891392,1.0168584859782783
575,"frozenset({'top', 'win'})","frozenset({'Red', 'no_fb'})",0.03193430656934307,0.38324276097007065,1.0157563620802805
12,frozenset({'fb'}),frozenset({'Blue'}),0.12650040551500405,0.507620958993274,1.015241917986548
152,"frozenset({'sup', 'fb'})",frozenset({'Blue'}),0.018396864017301975,0.5075517434271863,1.0151034868543727
480,"frozenset({'top', 'Blue', 'no_fb'})",frozenset({'win'}),0.03596242227629089,0.5071966447431131,1.0144755664989187
339,"frozenset({'Thresh', 'sup'})",frozenset({'win'}),0.010604217356042174,0.5064557779212395,1.0129937126723794
6,"frozenset({""Kai'Sa""})",frozenset({'Blue'}),0.01508515815085158,0.5060077080027204,1.0120154160054409
132,"frozenset({'no_fb', ""Kai'Sa""})",frozenset({'Blue'}),0.012037037037037037,0.5059659090909091,1.0119318181818182
454,"frozenset({'Blue', 'sup', 'no_fb'})",frozenset({'lose'}),0.032853473911868075,0.505932556203164,1.011783053764498
81,frozenset({'Thresh'}),frozenset({'win'}),0.010610975939443093,0.5056360708534622,1.0113541655646343
128,"frozenset({'bot', ""Kai'Sa""})",frozenset({'Blue'}),0.015037848067045147,0.5055669166098613,1.0111338332197226
403,"frozenset({'bot', ""Kai'Sa"", 'no_fb'})",frozenset({'Blue'}),0.01201000270343336,0.505547652916074,1.011095305832148
55,frozenset({'Thresh'}),frozenset({'Red'}),0.010604217356042174,0.5053140096618358,1.0106280193236716
257,"frozenset({'Thresh', 'sup'})",frozenset({'Red'}),0.010577183022438498,0.5051646223369917,1.0103292446739833
275,"frozenset({'top', 'fb'})",frozenset({'Red'}),0.012679102460124358,0.5049798115746972,1.0099596231493944
494,"frozenset({'bot', ""Kai'Sa""})","frozenset({'lose', 'no_fb'})",0.012138415788050824,0.4080890706657577,1.0096795909117675
234,"frozenset({""Kai'Sa""})","frozenset({'lose', 'no_fb'})",0.012165450121654502,0.4080707322602585,1.0096342186754264
245,"frozenset({'Leona', 'sup'})",frozenset({'no_fb'}),0.018045417680454177,0.7574468085106383,1.0088563101976276
44,frozenset({'Leona'}),frozenset({'no_fb'}),0.018052176263855097,0.7573008222285229,1.008661868581055
282,"frozenset({'jng', 'no_fb'})",frozenset({'Red'}),0.0604014598540146,0.5037199864727765,1.007439972945553
562,"frozenset({'win', 'mid'})","frozenset({'Red', 'no_fb'})",0.03165720464990538,0.37991726822937794,1.0069423915310123
62,frozenset({'Red'}),frozenset({'no_fb'}),0.3772979183563125,0.754595836712625,1.0050590522828748
63,frozenset({'no_fb'}),frozenset({'Red'}),0.3772979183563125,0.5025295261414374,1.0050590522828748
263,"frozenset({'bot', 'no_fb'})",frozenset({'Red'}),0.06830900243309003,0.5024358719427322,1.0048717438854644
467,"frozenset({'Blue', 'mid', 'no_fb'})",frozenset({'win'}),0.03491484184914842,0.5022848808945066,1.0046512420195095
416,"frozenset({'Blue', 'bot', 'no_fb'})",frozenset({'win'}),0.03397539875642065,0.5022479768208612,1.004577427885671
305,"frozenset({'no_fb', 'sup'})",frozenset({'Red'}),0.06548391457150582,0.5020987718298181,1.0041975436596362
300,"frozenset({'no_fb', 'mid'})",frozenset({'Red'}),0.07005271695052717,0.5019370460048427,1.0038740920096854
43,frozenset({'Leona'}),frozenset({'lose'}),0.011942416869424169,0.5009923447689255,1.0019034321629798
192,"frozenset({'top', 'no_fb'})",frozenset({'Blue'}),0.07090429845904299,0.5008832656958702,1.0017665313917403
242,"frozenset({'Leona', 'sup'})",frozenset({'lose'}),0.01192889970262233,0.500709219858156,1.0013372282622761
497,"frozenset({'win', 'bot', ""Kai'Sa""})",frozenset({'no_fb'}),0.011618004866180049,0.7513111888111889,1.0006841737766772
56,frozenset({'bot'}),frozenset({'Red'}),0.08333333333333333,0.5,1.0
19,frozenset({'sup'}),frozenset({'Blue'}),0.08333333333333333,0.5,1.0
21,frozenset({'top'}),frozenset({'Blue'}),0.08333333333333333,0.5,1.0
108,frozenset({'top'}),frozenset({'lose'}),0.08334009191673425,0.5000405515004055,1.0
16,frozenset({'mid'}),frozenset({'Blue'}),0.08333333333333333,0.5,1.0
65,frozenset({'team'}),frozenset({'Red'}),0.08333333333333333,0.5,1.0
13,frozenset({'jng'}),frozenset({'Blue'}),0.08333333333333333,0.5,1.0
64,frozenset({'sup'}),frozenset({'Red'}),0.08333333333333333,0.5,1.0
66,frozenset({'top'}),frozenset({'Red'}),0.08333333333333333,0.5,1.0
11,frozenset({'bot'}),frozenset({'Blue'}),0.08333333333333333,0.5,1.0
107,frozenset({'team'}),frozenset({'lose'}),0.08334009191673425,0.5000405515004055,1.0
106,frozenset({'sup'}),frozenset({'lose'}),0.08334009191673425,0.5000405515004055,1.0
92,frozenset({'bot'}),frozenset({'lose'}),0.08334009191673425,0.5000405515004055,1.0
61,frozenset({'mid'}),frozenset({'Red'}),0.08333333333333333,0.5,1.0
103,frozenset({'mid'}),frozenset({'lose'}),0.08334009191673425,0.5000405515004055,1.0
58,frozenset({'jng'}),frozenset({'Red'}),0.08333333333333333,0.5,1.0
100,frozenset({'jng'}),frozenset({'lose'}),0.08334009191673425,0.5000405515004055,1.0
20,frozenset({'team'}),frozenset({'Blue'}),0.08333333333333333,0.5,1.0
102,frozenset({'jng'}),frozenset({'win'}),0.08332657474993241,0.49995944849959445,0.9999999999999999
110,frozenset({'mid'}),frozenset({'win'}),0.08332657474993241,0.49995944849959445,0.9999999999999999
94,frozenset({'bot'}),frozenset({'win'}),0.08332657474993241,0.49995944849959445,0.9999999999999999
116,frozenset({'sup'}),frozenset({'win'}),0.08332657474993241,0.49995944849959445,0.9999999999999999
117,frozenset({'team'}),frozenset({'win'}),0.08332657474993241,0.49995944849959445,0.9999999999999999
118,frozenset({'top'}),frozenset({'win'}),0.08332657474993241,0.49995944849959445,0.9999999999999999
413,"frozenset({'Blue', 'bot'})","frozenset({'lose', 'no_fb'})",0.03367126250337929,0.4040551500405515,0.9996990067221833
235,"frozenset({'win', ""Kai'Sa""})",frozenset({'no_fb'}),0.011624763449580968,0.75043630017452,0.9995188946944943
248,"frozenset({'Leona', 'sup'})",frozenset({'win'}),0.011895106785617735,0.49929078014184397,0.9986625548136809
566,"frozenset({'Red', 'sup'})","frozenset({'win', 'no_fb'})",0.028838875371722087,0.34606650446066506,0.9984011231135204
310,"frozenset({'top', 'no_fb'})",frozenset({'Red'}),0.07065423087320898,0.49911673430412984,0.9982334686082597
46,frozenset({'Leona'}),frozenset({'win'}),0.011895106785617735,0.4990076552310746,0.9980962590638575
182,"frozenset({'no_fb', 'mid'})",frozenset({'Blue'}),0.06951203027845364,0.49806295399515743,0.9961259079903149
187,"frozenset({'no_fb', 'sup'})",frozenset({'Blue'}),0.06493646931603136,0.4979012281701819,0.9958024563403638
411,"frozenset({'Blue', 'bot', 'no_fb'})",frozenset({'lose'}),0.03367126250337929,0.4977520231791388,0.9954233145403911
449,"frozenset({'Blue', 'mid', 'no_fb'})",frozenset({'lose'}),0.03459718842930522,0.49771511910549343,0.9953495123786772
144,"frozenset({'bot', 'no_fb'})",frozenset({'Blue'}),0.06764666125979994,0.4975641280572678,0.9951282561145356
17,frozenset({'Blue'}),frozenset({'no_fb'}),0.3734995944849959,0.7469991889699918,0.994940947717125
18,frozenset({'no_fb'}),frozenset({'Blue'}),0.3734995944849959,0.4974704738585625,0.994940947717125
164,"frozenset({'jng', 'no_fb'})",frozenset({'Blue'}),0.05950932684509327,0.49628001352722356,0.9925600270544471
440,"frozenset({'lose', 'jng'})","frozenset({'Blue', 'no_fb'})",0.030873208975398757,0.3704484632227719,0.9918309649936004
446,"frozenset({'jng', 'Blue'})","frozenset({'win', 'no_fb'})",0.028636117869694513,0.34363341443633416,0.991381663611902
156,"frozenset({'top', 'fb'})",frozenset({'Blue'}),0.012429034874290349,0.4950201884253028,0.9900403768506056
138,"frozenset({'Thresh', 'sup'})",frozenset({'Blue'}),0.010360908353609083,0.4948353776630084,0.9896707553260168
10,frozenset({'Thresh'}),frozenset({'Blue'}),0.010381184103811841,0.4946859903381643,0.9893719806763286
485,"frozenset({'bot', ""Kai'Sa"", 'no_fb'})",frozenset({'Red'}),0.011746417950797512,0.494452347083926,0.988904694167852
218,"frozenset({'bot', ""Kai'Sa""})",frozenset({'Red'}),0.014706677480400108,0.4944330833901386,0.9888661667802772
78,frozenset({'Thresh'}),frozenset({'lose'}),0.010374425520410922,0.4943639291465379,0.9886476759998073
472,"frozenset({'Blue', 'sup', 'no_fb'})",frozenset({'win'}),0.03208299540416329,0.494067443796836,0.9882150347984406
221,"frozenset({'no_fb', ""Kai'Sa""})",frozenset({'Red'}),0.011753176534198433,0.4940340909090909,0.9880681818181818
34,"frozenset({""Kai'Sa""})",frozenset({'Red'}),0.014726953230602866,0.49399229199727956,0.9879845839945591
333,"frozenset({'Thresh', 'sup'})",frozenset({'lose'}),0.010333874020005407,0.4935442220787605,0.9870083948148758
462,"frozenset({'top', 'Blue', 'no_fb'})",frozenset({'lose'}),0.034941876182752095,0.49280335525688684,0.9855267813344278
271,"frozenset({'sup', 'fb'})",frozenset({'Red'}),0.01784941876182752,0.4924482565728137,0.9848965131456274
57,frozenset({'fb'}),frozenset({'Red'}),0.12270208164368748,0.49237904100672597,0.9847580820134519
190,"frozenset({'no_fb', 'team'})",frozenset({'Blue'}),0.04099080832657475,0.4915707570108607,0.9831415140217215
274,"frozenset({'fb', 'team'})",frozenset({'Red'}),0.040936739659367394,0.49155981171887675,0.9831196234377535
40,frozenset({'Lee Sin'}),frozenset({'no_fb'}),0.014456609894566099,0.7365702479338844,0.9810504634550764
267,"frozenset({'jng', 'fb'})",frozenset({'Red'}),0.022931873479318736,0.49045967042497834,0.9809193408499567
270,"frozenset({'fb', 'mid'})",frozenset({'Red'}),0.013280616382806164,0.49002493765586036,0.9800498753117207
259,"frozenset({'bot', 'fb'})",frozenset({'Red'}),0.01502433090024331,0.4892165492957747,0.9784330985915494
499,"frozenset({'bot', ""Kai'Sa"", 'no_fb'})",frozenset({'win'}),0.011618004866180049,0.4890469416785206,0.978173216140183
196,"frozenset({'Blue', 'no_fb'})",frozenset({'win'}),0.1825155447418221,0.4886633009427646,0.9774058724347939
197,frozenset({'win'}),"frozenset({'Blue', 'no_fb'})",0.1825155447418221,0.36506069700164917,0.9774058724347939
236,"frozenset({'no_fb', ""Kai'Sa""})",frozenset({'win'}),0.011624763449580968,0.4886363636363636,0.9773519934522448
456,"frozenset({'Blue', 'sup'})","frozenset({'lose', 'no_fb'})",0.032853473911868075,0.3942416869424169,0.9754188823116285
563,"frozenset({'Red', 'win', 'sup'})",frozenset({'no_fb'}),0.028838875371722087,0.7314021254713746,0.9741669530889437
394,"frozenset({'win', 'sup'})",frozenset({'no_fb'}),0.06092187077588537,0.731121745478141,0.973793510198633
470,"frozenset({'win', 'Blue', 'sup'})",frozenset({'no_fb'}),0.03208299540416329,0.7308698999230178,0.9734580728126324
375,frozenset({'jng'}),"frozenset({'lose', 'no_fb'})",0.06547039740470398,0.39282238442822387,0.9719072940704325
513,"frozenset({'win', 'bot'})","frozenset({'Red', 'no_fb'})",0.030467693971343607,0.3656419823181118,0.9691068106365933
281,"frozenset({'Red', 'jng'})",frozenset({'no_fb'}),0.0604014598540146,0.7248175182481752,0.9653968025349273
444,"frozenset({'jng', 'Blue', 'no_fb'})",frozenset({'win'}),0.028636117869694513,0.4812038614423623,0.9624857833699939
36,"frozenset({""Kai'Sa""})",frozenset({'lose'}),0.014321438226547715,0.48038993425527093,0.9607019526992929
283,frozenset({'jng'}),"frozenset({'Red', 'no_fb'})",0.0604014598540146,0.3624087591240876,0.960537393640842
224,"frozenset({'bot', ""Kai'Sa""})",frozenset({'lose'}),0.0142808867261422,0.48011815496478066,0.9601584381989694
400,"frozenset({'top', 'no_fb'})",frozenset({'win'}),0.06789672884563396,0.4796371449033182,0.9593520961404677
101,frozenset({'jng'}),frozenset({'no_fb'}),0.11991078669910786,0.7194647201946472,0.9582673196024774
165,frozenset({'jng'}),"frozenset({'Blue', 'no_fb'})",0.05950932684509327,0.35705596107055965,0.9559741599261714
392,"frozenset({'no_fb', 'mid'})",frozenset({'win'}),0.0665720464990538,0.47699757869249393,0.9540725355306108
425,"frozenset({'lose', 'fb', 'team'})",frozenset({'Blue'}),0.015389294403892945,0.4764595103578155,0.952919020715631
570,"frozenset({'win', 'no_fb', 'team'})",frozenset({'Red'}),0.015402811570694782,0.4761805265357292,0.9523610530714584
149,"frozenset({'lose', 'fb'})",frozenset({'Blue'}),0.04563395512300622,0.47602932882120697,0.9520586576424139
85,frozenset({'Udyr'}),frozenset({'no_fb'}),0.01104352527710192,0.7147856517935258,0.9520351886735748
344,"frozenset({'Udyr', 'jng'})",frozenset({'no_fb'}),0.01103000811030008,0.7145359019264448,0.9517025425701855
163,"frozenset({'jng', 'Blue'})",frozenset({'no_fb'}),0.05950932684509327,0.7141119221411193,0.9511378366700275
560,"frozenset({'win', 'no_fb', 'mid'})",frozenset({'Red'}),0.03165720464990538,0.4755329949238579,0.9510659898477158
461,"frozenset({'top', 'lose', 'no_fb'})",frozenset({'Blue'}),0.034941876182752095,0.47435544545371133,0.9487108909074227
356,"frozenset({'bot', 'no_fb'})",frozenset({'win'}),0.06444309272776426,0.47400079538675677,0.9480784827834716
534,"frozenset({'win', 'jng', 'no_fb'})",frozenset({'Red'}),0.025804271424709382,0.4739913097454997,0.9479826194909994
448,"frozenset({'lose', 'no_fb', 'mid'})",frozenset({'Blue'}),0.03459718842930522,0.4739814814814815,0.947962962962963
315,frozenset({'Red'}),"frozenset({'win', 'no_fb'})",0.16410516355771831,0.32821032711543663,0.9468860897710878
314,"frozenset({'win', 'no_fb'})",frozenset({'Red'}),0.16410516355771831,0.4734430448855439,0.9468860897710878
565,"frozenset({'win', 'no_fb', 'sup'})",frozenset({'Red'}),0.028838875371722087,0.4733747503882849,0.9467495007765698
177,"frozenset({'lose', 'team'})",frozenset({'Blue'}),0.039436334144363344,0.47319763198442955,0.9463952639688591
142,"frozenset({'Blue', 'bot'})",frozenset({'lose'}),0.039436334144363344,0.47323600973236013,0.9463952639688591
162,"frozenset({'jng', 'Blue'})",frozenset({'lose'}),0.039436334144363344,0.47323600973236013,0.9463952639688591
141,"frozenset({'lose', 'bot'})",frozenset({'Blue'}),0.039436334144363344,0.47319763198442955,0.9463952639688591
168,"frozenset({'lose', 'mid'})",frozenset({'Blue'}),0.039436334144363344,0.47319763198442955,0.9463952639688591
175,"frozenset({'lose', 'sup'})",frozenset({'Blue'}),0.039436334144363344,0.47319763198442955,0.9463952639688591
176,"frozenset({'Blue', 'sup'})",frozenset({'lose'}),0.039436334144363344,0.47323600973236013,0.9463952639688591
161,"frozenset({'lose', 'jng'})",frozenset({'Blue'}),0.039436334144363344,0.47319763198442955,0.9463952639688591
180,"frozenset({'top', 'Blue'})",frozenset({'lose'}),0.039436334144363344,0.47323600973236013,0.9463952639688591
179,"frozenset({'top', 'lose'})",frozenset({'Blue'}),0.039436334144363344,0.47319763198442955,0.9463952639688591
178,"frozenset({'Blue', 'team'})",frozenset({'lose'}),0.039436334144363344,0.47323600973236013,0.9463952639688591
169,"frozenset({'Blue', 'mid'})",frozenset({'lose'}),0.039436334144363344,0.47323600973236013,0.9463952639688591
14,frozenset({'lose'}),frozenset({'Blue'}),0.23661800486618004,0.4731976319844295,0.946395263968859
15,frozenset({'Blue'}),frozenset({'lose'}),0.23661800486618004,0.4732360097323601,0.946395263968859
67,frozenset({'Red'}),frozenset({'win'}),0.23657745336577454,0.4731549067315491,0.9463865682537108
303,"frozenset({'win', 'mid'})",frozenset({'Red'}),0.039429575560962424,0.4731932841268554,0.9463865682537108
322,"frozenset({'top', 'win'})",frozenset({'Red'}),0.039429575560962424,0.4731932841268554,0.9463865682537108
285,"frozenset({'win', 'jng'})",frozenset({'Red'}),0.039429575560962424,0.4731932841268554,0.9463865682537108
284,"frozenset({'Red', 'jng'})",frozenset({'win'}),0.039429575560962424,0.4731549067315491,0.9463865682537108
302,"frozenset({'Red', 'mid'})",frozenset({'win'}),0.039429575560962424,0.4731549067315491,0.9463865682537108
318,"frozenset({'win', 'sup'})",frozenset({'Red'}),0.039429575560962424,0.4731932841268554,0.9463865682537108
321,"frozenset({'top', 'Red'})",frozenset({'win'}),0.039429575560962424,0.4731549067315491,0.9463865682537108
68,frozenset({'win'}),frozenset({'Red'}),0.23657745336577454,0.4731932841268554,0.9463865682537108
265,"frozenset({'Red', 'bot'})",frozenset({'win'}),0.039429575560962424,0.4731549067315491,0.9463865682537108
317,"frozenset({'Red', 'sup'})",frozenset({'win'}),0.039429575560962424,0.4731549067315491,0.9463865682537108
266,"frozenset({'win', 'bot'})",frozenset({'Red'}),0.039429575560962424,0.4731932841268554,0.9463865682537108
319,"frozenset({'Red', 'team'})",frozenset({'win'}),0.039429575560962424,0.4731549067315491,0.9463865682537108
320,"frozenset({'win', 'team'})",frozenset({'Red'}),0.039429575560962424,0.4731932841268554,0.9463865682537108
135,"frozenset({'Leona', 'sup'})",frozenset({'Blue'}),0.011273317112733171,0.47319148936170213,0.9463829787234043
8,frozenset({'Leona'}),frozenset({'Blue'}),0.011273317112733171,0.4729231641621775,0.945846328324355
511,"frozenset({'win', 'bot', 'no_fb'})",frozenset({'Red'}),0.030467693971343607,0.4727844782380703,0.9455689564761406
453,"frozenset({'lose', 'no_fb', 'sup'})",frozenset({'Blue'}),0.032853473911868075,0.4727219682971896,0.9454439365943792
522,"frozenset({'win', 'sup', 'fb'})",frozenset({'Red'}),0.010590700189240335,0.4726998491704374,0.9453996983408748
278,"frozenset({'win', 'fb'})",frozenset({'Red'}),0.07247228980805623,0.4726287023977433,0.9452574047954866
174,frozenset({'Blue'}),"frozenset({'lose', 'no_fb'})",0.19098404974317382,0.38196809948634763,0.9450520049496672
171,"frozenset({'lose', 'no_fb'})",frozenset({'Blue'}),0.19098404974317382,0.4725260024748336,0.9450520049496672
516,"frozenset({'win', 'jng', 'fb'})",frozenset({'Red'}),0.013625304136253041,0.471689284043051,0.943378568086102
438,"frozenset({'lose', 'jng', 'no_fb'})",frozenset({'Blue'}),0.030873208975398757,0.47155982244244865,0.9431196448848973
526,"frozenset({'win', 'fb', 'team'})",frozenset({'Red'}),0.02402676399026764,0.47129789208537715,0.9425957841707543
378,frozenset({'jng'}),"frozenset({'win', 'no_fb'})",0.054440389294403896,0.3266423357664234,0.942362438092267
458,"frozenset({'lose', 'no_fb', 'team'})",frozenset({'Blue'}),0.024047039740470396,0.4711334745762712,0.9422669491525424
410,"frozenset({'lose', 'bot', 'no_fb'})",frozenset({'Blue'}),0.03367126250337929,0.4708439655987146,0.9416879311974292
573,"frozenset({'top', 'win', 'no_fb'})",frozenset({'Red'}),0.03193430656934307,0.47033645231933113,0.9406729046386623
395,"frozenset({'no_fb', 'sup'})",frozenset({'win'}),0.06092187077588537,0.4671192413328496,0.9343142583557523
312,"frozenset({'Red', 'win'})",frozenset({'no_fb'}),0.16410516355771831,0.6936635813049937,0.9239023430963459
114,frozenset({'win'}),frozenset({'no_fb'}),0.3466207082995404,0.6932976451185551,0.9234149464545353
115,frozenset({'no_fb'}),frozenset({'win'}),0.3466207082995404,0.461670027365692,0.9234149464545353
194,"frozenset({'win', 'Blue'})",frozenset({'no_fb'}),0.1825155447418221,0.6929689504747242,0.9229771524578729
445,"frozenset({'win', 'jng'})","frozenset({'Blue', 'no_fb'})",0.028636117869694513,0.34366128639792365,0.9201115381980128
567,"frozenset({'win', 'sup'})","frozenset({'Red', 'no_fb'})",0.028838875371722087,0.34609457376916214,0.9172978617982129
441,"frozenset({'jng', 'Blue'})","frozenset({'lose', 'no_fb'})",0.030873208975398757,0.37047850770478513,0.9166248620447479
377,"frozenset({'jng', 'no_fb'})",frozenset({'win'}),0.054440389294403896,0.4540074399729456,0.9080885286505669
572,"frozenset({'top', 'Red', 'no_fb'})",frozenset({'win'}),0.03193430656934307,0.4519801033097379,0.9040335264513047
559,"frozenset({'Red', 'no_fb', 'mid'})",frozenset({'win'}),0.03165720464990538,0.45190545103714425,0.9038842097960886
535,"frozenset({'Red', 'jng'})","frozenset({'win', 'no_fb'})",0.025804271424709382,0.3096512570965126,0.893343212572632
510,"frozenset({'Red', 'bot', 'no_fb'})",frozenset({'win'}),0.030467693971343607,0.4460275056891263,0.8921273655847072
564,"frozenset({'Red', 'no_fb', 'sup'})",frozenset({'win'}),0.028838875371722087,0.4403963257302095,0.8808640921816016
533,"frozenset({'Red', 'jng', 'win'})",frozenset({'no_fb'}),0.025804271424709382,0.6544394926294138,0.8716591110601332
376,"frozenset({'win', 'jng'})",frozenset({'no_fb'}),0.054440389294403896,0.6533376591775489,0.8701915603117361
313,"frozenset({'Red', 'no_fb'})",frozenset({'win'}),0.16410516355771831,0.4349484997760861,0.8699675565316151
316,frozenset({'win'}),"frozenset({'Red', 'no_fb'})",0.16410516355771831,0.32823694811690596,0.8699675565316151
442,"frozenset({'win', 'jng', 'Blue'})",frozenset({'no_fb'}),0.028636117869694513,0.6523479599692071,0.8688733630729142
550,"frozenset({'lose', 'team'})","frozenset({'Red', 'no_fb'})",0.026993782103271153,0.32389911604898225,0.8584704560789506
532,"frozenset({'Red', 'jng', 'no_fb'})",frozenset({'win'}),0.025804271424709382,0.42721271120062665,0.8544947244875865
477,"frozenset({'Blue', 'team', 'no_fb'})",frozenset({'win'}),0.016943768586104354,0.41335531739488873,0.8267776889413542
520,"frozenset({'Red', 'fb', 'team'})",frozenset({'lose'}),0.016909975669099755,0.413075780089153,0.8260845622413846
536,"frozenset({'win', 'jng'})","frozenset({'Red', 'no_fb'})",0.025804271424709382,0.3096763727796253,0.8207741355391556
547,"frozenset({'lose', 'Red', 'team'})",frozenset({'no_fb'}),0.026993782103271153,0.6148399014778325,0.8189157408780435
269,"frozenset({'Red', 'fb'})",frozenset({'lose'}),0.050229791835631254,0.4093638116221427,0.8186612273620987
385,"frozenset({'lose', 'team'})",frozenset({'no_fb'}),0.05104082184374155,0.6124401913875598,0.8157195261207633
457,"frozenset({'lose', 'Blue', 'team'})",frozenset({'no_fb'}),0.024047039740470396,0.6097686375321336,0.8121612380207988
551,"frozenset({'Red', 'team'})","frozenset({'lose', 'no_fb'})",0.026993782103271153,0.32392538523925385,0.8014447677335207
398,"frozenset({'no_fb', 'team'})",frozenset({'win'}),0.032346580156799136,0.38790727832711946,0.7758774826463433
365,"frozenset({'fb', 'team'})",frozenset({'lose'}),0.0322992700729927,0.38784288264892064,0.7756228599564012
350,"frozenset({'bot', 'fb'})",frozenset({'lose'}),0.011827520951608543,0.38512323943661975,0.7701840146384756
95,frozenset({'fb'}),frozenset({'lose'}),0.09586374695863747,0.38468214363202435,0.7693018945718694
358,"frozenset({'jng', 'fb'})",frozenset({'lose'}),0.017869694512030278,0.38219138479329284,0.7643207808776743
362,"frozenset({'sup', 'fb'})",frozenset({'lose'}),0.013841578805082454,0.38187581577475294,0.7636896940236322
361,"frozenset({'fb', 'mid'})",frozenset({'lose'}),0.010347391186807246,0.38179551122194516,0.7635290979428406
387,frozenset({'team'}),"frozenset({'lose', 'no_fb'})",0.05104082184374155,0.3062449310624493,0.7577004113574798
426,"frozenset({'Blue', 'fb', 'team'})",frozenset({'lose'}),0.015389294403892945,0.36344772545889864,0.7268365022963621
569,"frozenset({'Red', 'no_fb', 'team'})",frozenset({'win'}),0.015402811570694782,0.36330304479515385,0.7266650243043632
150,"frozenset({'Blue', 'fb'})",frozenset({'lose'}),0.04563395512300622,0.36074157183309297,0.7214246339635125
307,"frozenset({'Red', 'team'})",frozenset({'no_fb'}),0.042396593673965935,0.5087591240875913,0.6776249459887657
112,frozenset({'team'}),frozenset({'no_fb'}),0.08338740200054069,0.5003244120032442,0.6663906092467234
189,"frozenset({'Blue', 'team'})",frozenset({'no_fb'}),0.04099080832657475,0.491889699918897,0.655156272504681
568,"frozenset({'Red', 'win', 'team'})",frozenset({'no_fb'}),0.015402811570694782,0.3906410695920466,0.5203014966228504
397,"frozenset({'win', 'team'})",frozenset({'no_fb'}),0.032346580156799136,0.38819044529158897,0.5170374683615108
475,"frozenset({'win', 'Blue', 'team'})",frozenset({'no_fb'}),0.016943768586104354,0.3859892224788299,0.5141056221911248
